dataset,protocol,left,right,difference,low,high,low_975,high_975,positive_seeds
movielens,sampled,matched_joint,matched_frozen,0.0008985357713487078,-0.004802078895231941,0.0067785746076933695,-0.005756339664284733,0.007718457946697299,3
movielens,sampled,full,no_graph,0.00771595519239152,0.001007459283910459,0.014411784320688887,0.0001668931155136395,0.015497175925343562,5
movielens,sampled,full,no_temporal,-0.054082775636188476,-0.06568300420519838,-0.042709290608678376,-0.06744852639707087,-0.041323400427104244,0
movielens,sampled,full,no_text,-0.0026411215122210106,-0.008308030941861258,0.003254064857980615,-0.009141070188847696,0.0041128920750624146,2
movielens,sampled,full,no_candidate,0.003085400194988653,-0.0007871133945517005,0.007585576866390048,-0.0012461283160130256,0.008295393457258628,4
movielens,sampled,full,bpr_mf,-0.004681938687894023,-0.013360126579225034,0.0034602372070099622,-0.014670139857121808,0.004545587917998634,2
movielens,sampled,full,sasrec,-0.02886244275886844,-0.043934853938642444,-0.014191222042701691,-0.04625135316805481,-0.011999574994133599,0
movielens,sampled,aux_all,full,0.05377000282993909,0.03472523865532411,0.07096205876938312,0.03127173089543525,0.07321153424046448,5
movielens,sampled,aux_con,full,0.052083494459960175,0.04092554242046457,0.06338629549007496,0.03934143925228757,0.06463709274386999,5
movielens,sampled,aux_tem,full,0.0012697523721958027,-0.004604275820930581,0.007133554145953363,-0.005412695413136122,0.008027837938942219,3
movielens,sampled,aux_sem,full,0.00045149194613994633,-0.0038884814629823812,0.004431252589687666,-0.00459084458893229,0.005073131642061133,3
movielens,catalog,matched_joint,matched_frozen,-0.00021279477143181948,-0.0032285996550351463,0.002638552604878225,-0.0037013918230196273,0.003040142241443951,3
movielens,catalog,full,no_graph,-0.0012285963911991757,-0.0037952321527663126,0.0012459271795894685,-0.00428040540340267,0.0017332478918356579,1
movielens,catalog,full,no_temporal,-0.001103808224211603,-0.005711084077529122,0.0036176484746821965,-0.006564896161524992,0.00432440674948547,1
movielens,catalog,full,no_text,0.000610164998674502,-0.001981711308353409,0.0033519441600474596,-0.002311003278038777,0.0038370079567990128,3
movielens,catalog,full,no_candidate,0.00015311418601277892,-0.0017092849973613827,0.002046271217347505,-0.0020551862981121032,0.002371475768026331,4
movielens,catalog,full,bpr_mf,-0.004707952620077042,-0.009211486895628377,-0.0005379438158004837,-0.01002492927411373,0.00021513587112343517,1
movielens,catalog,full,sasrec,0.00130724550964323,-0.0048875966556398255,0.007688972930353215,-0.005579228343672072,0.008834889033310499,4
movielens,catalog,aux_all,full,0.0032187970340194993,-0.0011159403083228592,0.00782848578052529,-0.0016054549310601481,0.008540375030539836,5
movielens,catalog,aux_con,full,0.0023310301547164107,-0.002608423133321246,0.0074312573693446,-0.00345377859804625,0.00833415485674028,5
movielens,catalog,aux_tem,full,-0.00018815220111166378,-0.0032602427204045485,0.002507769362232545,-0.003924998053751017,0.0030111158255109387,2
movielens,catalog,aux_sem,full,-2.4537972522805118e-05,-0.0019462175224473825,0.0015416531053278686,-0.0022844838672424926,0.0017687814694709286,2
amazon,sampled,matched_joint,matched_frozen,-0.0009517513687917857,-0.0040989054132898675,0.002037002911028012,-0.0045225642513105355,0.0025792499314839607,1
amazon,sampled,full,no_graph,0.0004520926216057777,-0.003397779034188078,0.00415919167528704,-0.004026940108027546,0.004854733799407319,3
amazon,sampled,full,no_temporal,0.010440008905487779,-0.0015468615974635308,0.023172690515523155,-0.0028641807923848288,0.025150436097991502,5
amazon,sampled,full,no_text,0.00014704342948281514,-0.002970343374090041,0.003246105028061188,-0.003528717751692057,0.0038158750063544684,3
amazon,sampled,full,no_candidate,-0.0005370307073536925,-0.0048334762438503225,0.003385999564390177,-0.005558748962030008,0.004119253367998073,3
amazon,sampled,full,bpr_mf,0.052612476958547,0.036323084797650625,0.06937084480167846,0.03383170325094956,0.07225500193019138,5
amazon,sampled,full,sasrec,0.008206990927738179,-0.004772230111118111,0.01947501161100508,-0.007471084952279639,0.020919654550338604,4
amazon,sampled,aux_all,full,-0.0035876476891063117,-0.01291355428223804,0.0038234851742080076,-0.014850526123685117,0.004663926115294651,1
amazon,sampled,aux_con,full,-0.0027123876490592743,-0.007497906177069472,0.001968348539052983,-0.008189215937267975,0.002701741375909868,1
amazon,sampled,aux_tem,full,0.0005760309821154187,-0.002203568479506704,0.0037559818940622303,-0.002552990968341307,0.004340849189999348,3
amazon,sampled,aux_sem,full,-0.002156533560489391,-0.007278087893453301,0.0033713707327367604,-0.008053653075965873,0.004266425865855141,2
amazon,catalog,matched_joint,matched_frozen,-0.001613214619975957,-0.00418890942198429,0.0011773018774982056,-0.00455554103731498,0.001697798263951762,2
amazon,catalog,full,no_graph,0.0016922588538388081,-0.00036389548118957027,0.004292547110954809,-0.0005809996644299086,0.004726586194816246,5
amazon,catalog,full,no_temporal,0.00405828075999872,-0.0023721869773002937,0.010848220540867263,-0.0033099844812046835,0.011866432107842776,5
amazon,catalog,full,no_text,0.0007797766264057681,-0.0007237043728217779,0.002570920722490689,-0.0010166724015964162,0.0029423974535723683,4
amazon,catalog,full,no_candidate,0.000491697834130934,-0.003277714119943687,0.005177267373316532,-0.0038303554202120766,0.006085276032281764,2
amazon,catalog,full,bpr_mf,0.02184727641394848,0.012705703232964285,0.031079670307626983,0.011499530981786006,0.03264635018345111,5
amazon,catalog,full,sasrec,0.004926732839287658,-0.0023388561365617305,0.01180424542988592,-0.0035097359291395526,0.012727645567099398,5
amazon,catalog,aux_all,full,0.00010983121167965846,-0.003304155578627118,0.0036183484930390327,-0.00391587055390158,0.004168552178867034,3
amazon,catalog,aux_con,full,9.495332232350926e-05,-0.0030182601672306577,0.0036359042039831465,-0.003519610296634197,0.004277676088093515,1
amazon,catalog,aux_tem,full,0.0007309519718925028,-0.0002036659426362732,0.001809767208890347,-0.0003673631506281316,0.002023096900201423,5
amazon,catalog,aux_sem,full,-0.0023470411432362035,-0.008259945623452116,0.004014064649193197,-0.008905086489539233,0.004867746610738148,1
