dataset,model,kind,seed,lr,best_epoch,best_validation,seconds,parameters,trainable_parameters,source_sha256,pretraining_seconds,seconds_including_shared_pretraining,objective,positive_positions_per_epoch
movielens,full,full,101,0.003,50,0.5696251916488462,342.324942111969,989264,989264,a316fc5cc629a4c9cef70361b65358ca63afbc8e77675bcc54f100c294ef8bfd,0.0,342.324942111969,,
movielens,full,full,102,0.003,44,0.569352592089904,361.8434190750122,989264,989264,a316fc5cc629a4c9cef70361b65358ca63afbc8e77675bcc54f100c294ef8bfd,0.0,361.8434190750122,,
movielens,full,full,103,0.003,39,0.5723533100545495,329.9632680416107,989264,989264,a316fc5cc629a4c9cef70361b65358ca63afbc8e77675bcc54f100c294ef8bfd,0.0,329.9632680416107,,
movielens,full,full,104,0.003,49,0.5644990420182423,361.7264459133148,989264,989264,a316fc5cc629a4c9cef70361b65358ca63afbc8e77675bcc54f100c294ef8bfd,0.0,361.7264459133148,,
movielens,full,full,105,0.003,37,0.5684685985044625,360.8015470504761,989264,989264,a316fc5cc629a4c9cef70361b65358ca63afbc8e77675bcc54f100c294ef8bfd,0.0,360.8015470504761,,
movielens,no_graph,no_graph,101,0.01,49,0.5601200976682617,234.44131779670715,989264,989264,a316fc5cc629a4c9cef70361b65358ca63afbc8e77675bcc54f100c294ef8bfd,0.0,234.44131779670715,,
movielens,no_graph,no_graph,102,0.01,44,0.5630886162581419,238.09563875198364,989264,989264,a316fc5cc629a4c9cef70361b65358ca63afbc8e77675bcc54f100c294ef8bfd,0.0,238.09563875198364,,
movielens,no_graph,no_graph,103,0.01,36,0.5624973821966428,253.0986647605896,989264,989264,a316fc5cc629a4c9cef70361b65358ca63afbc8e77675bcc54f100c294ef8bfd,0.0,253.0986647605896,,
movielens,no_graph,no_graph,104,0.01,35,0.5563744465411566,238.27802181243896,989264,989264,a316fc5cc629a4c9cef70361b65358ca63afbc8e77675bcc54f100c294ef8bfd,0.0,238.27802181243896,,
movielens,no_graph,no_graph,105,0.01,47,0.5598632927227661,228.39509296417236,989264,989264,a316fc5cc629a4c9cef70361b65358ca63afbc8e77675bcc54f100c294ef8bfd,0.0,228.39509296417236,,
movielens,no_temporal,no_temporal,101,0.01,47,0.6204266636543248,182.76603865623474,989264,989264,a316fc5cc629a4c9cef70361b65358ca63afbc8e77675bcc54f100c294ef8bfd,0.0,182.76603865623474,,
movielens,no_temporal,no_temporal,102,0.01,45,0.6319829344883359,185.00874590873718,989264,989264,a316fc5cc629a4c9cef70361b65358ca63afbc8e77675bcc54f100c294ef8bfd,0.0,185.00874590873718,,
movielens,no_temporal,no_temporal,103,0.01,48,0.6161426446515719,188.1393141746521,989264,989264,a316fc5cc629a4c9cef70361b65358ca63afbc8e77675bcc54f100c294ef8bfd,0.0,188.1393141746521,,
movielens,no_temporal,no_temporal,104,0.01,49,0.6208033132902236,195.25014305114746,989264,989264,a316fc5cc629a4c9cef70361b65358ca63afbc8e77675bcc54f100c294ef8bfd,0.0,195.25014305114746,,
movielens,no_temporal,no_temporal,105,0.01,47,0.6194285705771015,187.0845022201538,989264,989264,a316fc5cc629a4c9cef70361b65358ca63afbc8e77675bcc54f100c294ef8bfd,0.0,187.0845022201538,,
movielens,no_text,no_text,101,0.01,40,0.5679669494549712,332.5480980873108,989264,989264,a316fc5cc629a4c9cef70361b65358ca63afbc8e77675bcc54f100c294ef8bfd,0.0,332.5480980873108,,
movielens,no_text,no_text,102,0.01,27,0.5698671211612782,348.0066249370575,989264,989264,a316fc5cc629a4c9cef70361b65358ca63afbc8e77675bcc54f100c294ef8bfd,0.0,348.0066249370575,,
movielens,no_text,no_text,103,0.01,40,0.574040487243186,329.2372238636017,989264,989264,a316fc5cc629a4c9cef70361b65358ca63afbc8e77675bcc54f100c294ef8bfd,0.0,329.2372238636017,,
movielens,no_text,no_text,104,0.01,22,0.5662579958581855,335.3596291542053,989264,989264,a316fc5cc629a4c9cef70361b65358ca63afbc8e77675bcc54f100c294ef8bfd,0.0,335.3596291542053,,
movielens,no_text,no_text,105,0.01,37,0.5650252422407083,358.13014793395996,989264,989264,a316fc5cc629a4c9cef70361b65358ca63afbc8e77675bcc54f100c294ef8bfd,0.0,358.13014793395996,,
movielens,no_candidate,no_candidate,101,0.003,50,0.5670581810201184,335.5780770778656,989264,989264,a316fc5cc629a4c9cef70361b65358ca63afbc8e77675bcc54f100c294ef8bfd,0.0,335.5780770778656,,
movielens,no_candidate,no_candidate,102,0.003,40,0.5715315662314627,352.1902642250061,989264,989264,a316fc5cc629a4c9cef70361b65358ca63afbc8e77675bcc54f100c294ef8bfd,0.0,352.1902642250061,,
movielens,no_candidate,no_candidate,103,0.003,39,0.5711206096663001,328.991534948349,989264,989264,a316fc5cc629a4c9cef70361b65358ca63afbc8e77675bcc54f100c294ef8bfd,0.0,328.991534948349,,
movielens,no_candidate,no_candidate,104,0.003,33,0.5637811112013251,341.36249709129333,989264,989264,a316fc5cc629a4c9cef70361b65358ca63afbc8e77675bcc54f100c294ef8bfd,0.0,341.36249709129333,,
movielens,no_candidate,no_candidate,105,0.003,36,0.5667062107676156,361.1015989780426,989264,989264,a316fc5cc629a4c9cef70361b65358ca63afbc8e77675bcc54f100c294ef8bfd,0.0,361.1015989780426,,
movielens,aux_all,aux_all,101,0.003,49,0.6317102295904118,762.1595458984375,989264,989264,a316fc5cc629a4c9cef70361b65358ca63afbc8e77675bcc54f100c294ef8bfd,0.0,762.1595458984375,,
movielens,aux_all,aux_all,102,0.003,45,0.6219510505331075,756.8399093151093,989264,989264,a316fc5cc629a4c9cef70361b65358ca63afbc8e77675bcc54f100c294ef8bfd,0.0,756.8399093151093,,
movielens,aux_all,aux_all,103,0.003,35,0.5982679489150567,760.1516711711884,989264,989264,a316fc5cc629a4c9cef70361b65358ca63afbc8e77675bcc54f100c294ef8bfd,0.0,760.1516711711884,,
movielens,aux_all,aux_all,104,0.003,50,0.6237700504768589,1123.183865070343,989264,989264,a316fc5cc629a4c9cef70361b65358ca63afbc8e77675bcc54f100c294ef8bfd,0.0,1123.183865070343,,
movielens,aux_all,aux_all,105,0.003,49,0.6187086975714069,697.761824131012,989264,989264,a316fc5cc629a4c9cef70361b65358ca63afbc8e77675bcc54f100c294ef8bfd,0.0,697.761824131012,,
movielens,aux_con,aux_con,101,0.003,46,0.6203331659855716,620.5230040550232,989264,989264,a316fc5cc629a4c9cef70361b65358ca63afbc8e77675bcc54f100c294ef8bfd,0.0,620.5230040550232,,
movielens,aux_con,aux_con,102,0.003,47,0.6198796906335596,618.584481716156,989264,989264,a316fc5cc629a4c9cef70361b65358ca63afbc8e77675bcc54f100c294ef8bfd,0.0,618.584481716156,,
movielens,aux_con,aux_con,103,0.003,48,0.6212398892899045,617.777765750885,989264,989264,a316fc5cc629a4c9cef70361b65358ca63afbc8e77675bcc54f100c294ef8bfd,0.0,617.777765750885,,
movielens,aux_con,aux_con,104,0.003,48,0.6152877878611382,932.0261278152466,989264,989264,a316fc5cc629a4c9cef70361b65358ca63afbc8e77675bcc54f100c294ef8bfd,0.0,932.0261278152466,,
movielens,aux_con,aux_con,105,0.003,48,0.6168440989515038,878.2816977500916,989264,989264,a316fc5cc629a4c9cef70361b65358ca63afbc8e77675bcc54f100c294ef8bfd,0.0,878.2816977500916,,
movielens,aux_tem,aux_tem,101,0.01,43,0.5683707034894104,512.2695088386536,989264,989264,a316fc5cc629a4c9cef70361b65358ca63afbc8e77675bcc54f100c294ef8bfd,0.0,512.2695088386536,,
movielens,aux_tem,aux_tem,102,0.01,28,0.5713952950502023,492.2347128391266,989264,989264,a316fc5cc629a4c9cef70361b65358ca63afbc8e77675bcc54f100c294ef8bfd,0.0,492.2347128391266,,
movielens,aux_tem,aux_tem,103,0.01,41,0.5737091545116794,495.48176288604736,989264,989264,a316fc5cc629a4c9cef70361b65358ca63afbc8e77675bcc54f100c294ef8bfd,0.0,495.48176288604736,,
movielens,aux_tem,aux_tem,104,0.01,24,0.5659251132022626,828.8652560710907,989264,989264,a316fc5cc629a4c9cef70361b65358ca63afbc8e77675bcc54f100c294ef8bfd,0.0,828.8652560710907,,
movielens,aux_tem,aux_tem,105,0.01,29,0.5676523345943975,455.78649616241455,989264,989264,a316fc5cc629a4c9cef70361b65358ca63afbc8e77675bcc54f100c294ef8bfd,0.0,455.78649616241455,,
movielens,aux_sem,aux_sem,101,0.003,46,0.5706993112022659,350.0713880062103,989264,989264,a316fc5cc629a4c9cef70361b65358ca63afbc8e77675bcc54f100c294ef8bfd,0.0,350.0713880062103,,
movielens,aux_sem,aux_sem,102,0.003,44,0.570167190408607,358.037348985672,989264,989264,a316fc5cc629a4c9cef70361b65358ca63afbc8e77675bcc54f100c294ef8bfd,0.0,358.037348985672,,
movielens,aux_sem,aux_sem,103,0.003,37,0.5737836346809961,349.65457916259766,989264,989264,a316fc5cc629a4c9cef70361b65358ca63afbc8e77675bcc54f100c294ef8bfd,0.0,349.65457916259766,,
movielens,aux_sem,aux_sem,104,0.003,34,0.5672622262610824,702.9237780570984,989264,989264,a316fc5cc629a4c9cef70361b65358ca63afbc8e77675bcc54f100c294ef8bfd,0.0,702.9237780570984,,
movielens,aux_sem,aux_sem,105,0.003,37,0.5695877799248631,309.94358825683594,989264,989264,a316fc5cc629a4c9cef70361b65358ca63afbc8e77675bcc54f100c294ef8bfd,0.0,309.94358825683594,,
movielens,bpr_mf,bpr_mf,101,0.01,50,0.576662310149982,17.796881914138794,904928,904928,a316fc5cc629a4c9cef70361b65358ca63afbc8e77675bcc54f100c294ef8bfd,0.0,17.796881914138794,,
movielens,bpr_mf,bpr_mf,102,0.01,47,0.571166304382926,19.383528232574463,904928,904928,a316fc5cc629a4c9cef70361b65358ca63afbc8e77675bcc54f100c294ef8bfd,0.0,19.383528232574463,,
movielens,bpr_mf,bpr_mf,103,0.01,48,0.575329971356548,17.215173959732056,904928,904928,a316fc5cc629a4c9cef70361b65358ca63afbc8e77675bcc54f100c294ef8bfd,0.0,17.215173959732056,,
movielens,bpr_mf,bpr_mf,104,0.01,44,0.5749785985667336,17.743350982666016,904928,904928,a316fc5cc629a4c9cef70361b65358ca63afbc8e77675bcc54f100c294ef8bfd,0.0,17.743350982666016,,
movielens,bpr_mf,bpr_mf,105,0.01,50,0.5841150371346433,17.628376007080078,904928,904928,a316fc5cc629a4c9cef70361b65358ca63afbc8e77675bcc54f100c294ef8bfd,0.0,17.628376007080078,,
movielens,sasrec,sasrec,101,0.01,50,0.5905922470339359,63.30372881889343,884768,884768,b8bbd92430d119635fb0b362f6a1da47cafa15517b5d8dae3d9136d092a4fa85,0.0,63.30372881889343,"all nonpadding sequence positions, one negative each, Adam beta2=.98",24764.0
movielens,sasrec,sasrec,102,0.01,50,0.6032420794649989,62.591127157211304,884768,884768,b8bbd92430d119635fb0b362f6a1da47cafa15517b5d8dae3d9136d092a4fa85,0.0,62.591127157211304,"all nonpadding sequence positions, one negative each, Adam beta2=.98",24764.0
movielens,sasrec,sasrec,103,0.01,50,0.6013961969746667,62.75200009346008,884768,884768,b8bbd92430d119635fb0b362f6a1da47cafa15517b5d8dae3d9136d092a4fa85,0.0,62.75200009346008,"all nonpadding sequence positions, one negative each, Adam beta2=.98",24764.0
movielens,sasrec,sasrec,104,0.01,46,0.5973364859485105,66.53610396385193,884768,884768,b8bbd92430d119635fb0b362f6a1da47cafa15517b5d8dae3d9136d092a4fa85,0.0,66.53610396385193,"all nonpadding sequence positions, one negative each, Adam beta2=.98",24764.0
movielens,sasrec,sasrec,105,0.01,38,0.5995498912535432,64.37948203086853,884768,884768,b8bbd92430d119635fb0b362f6a1da47cafa15517b5d8dae3d9136d092a4fa85,0.0,64.37948203086853,"all nonpadding sequence positions, one negative each, Adam beta2=.98",24764.0
movielens,matched_joint,full,101,0.003,21,0.5701419841889892,171.84650111198425,989264,989264,a316fc5cc629a4c9cef70361b65358ca63afbc8e77675bcc54f100c294ef8bfd,177.54597783088684,349.3924789428711,,
movielens,matched_joint,full,102,0.003,12,0.5674680245256998,522.6181709766388,989264,989264,a316fc5cc629a4c9cef70361b65358ca63afbc8e77675bcc54f100c294ef8bfd,200.12623500823975,722.7444059848785,,
movielens,matched_joint,full,103,0.003,15,0.5738032814658842,149.95750498771667,989264,989264,a316fc5cc629a4c9cef70361b65358ca63afbc8e77675bcc54f100c294ef8bfd,529.3261766433716,679.2836816310883,,
movielens,matched_joint,full,104,0.003,2,0.5668653014495719,155.3244891166687,989264,989264,a316fc5cc629a4c9cef70361b65358ca63afbc8e77675bcc54f100c294ef8bfd,171.52957487106323,326.85406398773193,,
movielens,matched_joint,full,105,0.003,11,0.5664125238292331,158.59469199180603,989264,989264,a316fc5cc629a4c9cef70361b65358ca63afbc8e77675bcc54f100c294ef8bfd,171.75190091133118,330.3465929031372,,
movielens,matched_frozen,full,101,0.003,2,0.5602055773155922,110.03316283226013,989264,31567,a316fc5cc629a4c9cef70361b65358ca63afbc8e77675bcc54f100c294ef8bfd,177.54597783088684,287.579140663147,,
movielens,matched_frozen,full,102,0.003,23,0.566385962850729,90.82434105873108,989264,31567,a316fc5cc629a4c9cef70361b65358ca63afbc8e77675bcc54f100c294ef8bfd,200.12623500823975,290.9505760669708,,
movielens,matched_frozen,full,103,0.003,2,0.5719247131234951,94.94184899330139,989264,31567,a316fc5cc629a4c9cef70361b65358ca63afbc8e77675bcc54f100c294ef8bfd,529.3261766433716,624.268025636673,,
movielens,matched_frozen,full,104,0.003,2,0.5625893293354177,94.37806701660156,989264,31567,a316fc5cc629a4c9cef70361b65358ca63afbc8e77675bcc54f100c294ef8bfd,171.52957487106323,265.9076418876648,,
movielens,matched_frozen,full,105,0.003,2,0.5589413900785111,91.87709021568298,989264,31567,a316fc5cc629a4c9cef70361b65358ca63afbc8e77675bcc54f100c294ef8bfd,171.75190091133118,263.62899112701416,,
amazon,full,full,101,0.01,13,0.17700744983951947,231.03305983543396,124614,124614,a316fc5cc629a4c9cef70361b65358ca63afbc8e77675bcc54f100c294ef8bfd,0.0,231.03305983543396,,
amazon,full,full,102,0.01,49,0.1757816556095367,235.97755217552185,124614,124614,a316fc5cc629a4c9cef70361b65358ca63afbc8e77675bcc54f100c294ef8bfd,0.0,235.97755217552185,,
amazon,full,full,103,0.01,35,0.17603247086402732,228.59800386428833,124614,124614,a316fc5cc629a4c9cef70361b65358ca63afbc8e77675bcc54f100c294ef8bfd,0.0,228.59800386428833,,
amazon,full,full,104,0.01,32,0.17920590617143078,223.7865810394287,124614,124614,a316fc5cc629a4c9cef70361b65358ca63afbc8e77675bcc54f100c294ef8bfd,0.0,223.7865810394287,,
amazon,full,full,105,0.01,43,0.1769331223176202,581.93092918396,124614,124614,a316fc5cc629a4c9cef70361b65358ca63afbc8e77675bcc54f100c294ef8bfd,0.0,581.93092918396,,
amazon,no_graph,no_graph,101,0.01,6,0.17438258620855412,211.39655089378357,124614,124614,a316fc5cc629a4c9cef70361b65358ca63afbc8e77675bcc54f100c294ef8bfd,0.0,211.39655089378357,,
amazon,no_graph,no_graph,102,0.01,49,0.17612055991269593,214.33072996139526,124614,124614,a316fc5cc629a4c9cef70361b65358ca63afbc8e77675bcc54f100c294ef8bfd,0.0,214.33072996139526,,
amazon,no_graph,no_graph,103,0.01,37,0.17593216076576748,208.50453400611877,124614,124614,a316fc5cc629a4c9cef70361b65358ca63afbc8e77675bcc54f100c294ef8bfd,0.0,208.50453400611877,,
amazon,no_graph,no_graph,104,0.01,32,0.17684475692582136,209.69227385520935,124614,124614,a316fc5cc629a4c9cef70361b65358ca63afbc8e77675bcc54f100c294ef8bfd,0.0,209.69227385520935,,
amazon,no_graph,no_graph,105,0.01,38,0.17736939012707678,560.6045658588409,124614,124614,a316fc5cc629a4c9cef70361b65358ca63afbc8e77675bcc54f100c294ef8bfd,0.0,560.6045658588409,,
amazon,no_temporal,no_temporal,101,0.01,45,0.17430367023199803,48.41199803352356,124614,124614,a316fc5cc629a4c9cef70361b65358ca63afbc8e77675bcc54f100c294ef8bfd,0.0,48.41199803352356,,
amazon,no_temporal,no_temporal,102,0.01,49,0.18369328412836325,46.75384187698364,124614,124614,a316fc5cc629a4c9cef70361b65358ca63afbc8e77675bcc54f100c294ef8bfd,0.0,46.75384187698364,,
amazon,no_temporal,no_temporal,103,0.01,27,0.17197758980268665,45.680408000946045,124614,124614,a316fc5cc629a4c9cef70361b65358ca63afbc8e77675bcc54f100c294ef8bfd,0.0,45.680408000946045,,
amazon,no_temporal,no_temporal,104,0.01,40,0.18786388748543228,46.673929929733276,124614,124614,a316fc5cc629a4c9cef70361b65358ca63afbc8e77675bcc54f100c294ef8bfd,0.0,46.673929929733276,,
amazon,no_temporal,no_temporal,105,0.01,45,0.18513392606467305,46.28985905647278,124614,124614,a316fc5cc629a4c9cef70361b65358ca63afbc8e77675bcc54f100c294ef8bfd,0.0,46.28985905647278,,
amazon,no_text,no_text,101,0.01,19,0.17466343004677665,200.11161494255066,124614,124614,a316fc5cc629a4c9cef70361b65358ca63afbc8e77675bcc54f100c294ef8bfd,0.0,200.11161494255066,,
amazon,no_text,no_text,102,0.01,19,0.17623337457838648,219.343181848526,124614,124614,a316fc5cc629a4c9cef70361b65358ca63afbc8e77675bcc54f100c294ef8bfd,0.0,219.343181848526,,
amazon,no_text,no_text,103,0.01,35,0.17700881170957086,248.11927604675293,124614,124614,a316fc5cc629a4c9cef70361b65358ca63afbc8e77675bcc54f100c294ef8bfd,0.0,248.11927604675293,,
amazon,no_text,no_text,104,0.01,32,0.1798786979804331,222.23519110679626,124614,124614,a316fc5cc629a4c9cef70361b65358ca63afbc8e77675bcc54f100c294ef8bfd,0.0,222.23519110679626,,
amazon,no_text,no_text,105,0.01,43,0.17821431959807502,254.1624879837036,124614,124614,a316fc5cc629a4c9cef70361b65358ca63afbc8e77675bcc54f100c294ef8bfd,0.0,254.1624879837036,,
amazon,no_candidate,no_candidate,101,0.01,5,0.1763312917463868,212.38887286186218,124614,124614,a316fc5cc629a4c9cef70361b65358ca63afbc8e77675bcc54f100c294ef8bfd,0.0,212.38887286186218,,
amazon,no_candidate,no_candidate,102,0.01,32,0.17639422853061265,238.0905909538269,124614,124614,a316fc5cc629a4c9cef70361b65358ca63afbc8e77675bcc54f100c294ef8bfd,0.0,238.0905909538269,,
amazon,no_candidate,no_candidate,103,0.01,35,0.1757532936680116,212.95046830177307,124614,124614,a316fc5cc629a4c9cef70361b65358ca63afbc8e77675bcc54f100c294ef8bfd,0.0,212.95046830177307,,
amazon,no_candidate,no_candidate,104,0.01,32,0.17723907929292762,239.88428902626038,124614,124614,a316fc5cc629a4c9cef70361b65358ca63afbc8e77675bcc54f100c294ef8bfd,0.0,239.88428902626038,,
amazon,no_candidate,no_candidate,105,0.01,4,0.17782256849680575,227.20935678482056,124614,124614,a316fc5cc629a4c9cef70361b65358ca63afbc8e77675bcc54f100c294ef8bfd,0.0,227.20935678482056,,
amazon,aux_all,aux_all,101,0.003,11,0.17427027412786447,927.0847599506378,124614,124614,a316fc5cc629a4c9cef70361b65358ca63afbc8e77675bcc54f100c294ef8bfd,0.0,927.0847599506378,,
amazon,aux_all,aux_all,102,0.003,25,0.17452529619536958,697.0414252281189,124614,124614,a316fc5cc629a4c9cef70361b65358ca63afbc8e77675bcc54f100c294ef8bfd,0.0,697.0414252281189,,
amazon,aux_all,aux_all,103,0.003,20,0.1703772917841894,1042.4052538871765,124614,124614,a316fc5cc629a4c9cef70361b65358ca63afbc8e77675bcc54f100c294ef8bfd,0.0,1042.4052538871765,,
amazon,aux_all,aux_all,104,0.003,50,0.1707869509481493,566.6409649848938,124614,124614,a316fc5cc629a4c9cef70361b65358ca63afbc8e77675bcc54f100c294ef8bfd,0.0,566.6409649848938,,
amazon,aux_all,aux_all,105,0.003,38,0.17684576125515547,331.63647174835205,124614,124614,a316fc5cc629a4c9cef70361b65358ca63afbc8e77675bcc54f100c294ef8bfd,0.0,331.63647174835205,,
amazon,aux_con,aux_con,101,0.001,7,0.17405880478788577,775.8872261047363,124614,124614,a316fc5cc629a4c9cef70361b65358ca63afbc8e77675bcc54f100c294ef8bfd,0.0,775.8872261047363,,
amazon,aux_con,aux_con,102,0.001,9,0.1737674996832546,551.2943019866943,124614,124614,a316fc5cc629a4c9cef70361b65358ca63afbc8e77675bcc54f100c294ef8bfd,0.0,551.2943019866943,,
amazon,aux_con,aux_con,103,0.001,16,0.17132452044200683,896.9460067749023,124614,124614,a316fc5cc629a4c9cef70361b65358ca63afbc8e77675bcc54f100c294ef8bfd,0.0,896.9460067749023,,
amazon,aux_con,aux_con,104,0.001,7,0.17060326149327992,511.1491529941559,124614,124614,a316fc5cc629a4c9cef70361b65358ca63afbc8e77675bcc54f100c294ef8bfd,0.0,511.1491529941559,,
amazon,aux_con,aux_con,105,0.001,8,0.1707301289084346,358.0488781929016,124614,124614,a316fc5cc629a4c9cef70361b65358ca63afbc8e77675bcc54f100c294ef8bfd,0.0,358.0488781929016,,
amazon,aux_tem,aux_tem,101,0.01,13,0.17531289447306328,641.3383429050446,124614,124614,a316fc5cc629a4c9cef70361b65358ca63afbc8e77675bcc54f100c294ef8bfd,0.0,641.3383429050446,,
amazon,aux_tem,aux_tem,102,0.01,49,0.17824436159343848,413.32999181747437,124614,124614,a316fc5cc629a4c9cef70361b65358ca63afbc8e77675bcc54f100c294ef8bfd,0.0,413.32999181747437,,
amazon,aux_tem,aux_tem,103,0.01,35,0.17697236412902692,399.88176822662354,124614,124614,a316fc5cc629a4c9cef70361b65358ca63afbc8e77675bcc54f100c294ef8bfd,0.0,399.88176822662354,,
amazon,aux_tem,aux_tem,104,0.01,32,0.1812641411380174,742.1461260318756,124614,124614,a316fc5cc629a4c9cef70361b65358ca63afbc8e77675bcc54f100c294ef8bfd,0.0,742.1461260318756,,
amazon,aux_tem,aux_tem,105,0.01,43,0.17804982885175596,379.4570212364197,124614,124614,a316fc5cc629a4c9cef70361b65358ca63afbc8e77675bcc54f100c294ef8bfd,0.0,379.4570212364197,,
amazon,aux_sem,aux_sem,101,0.01,6,0.17583076592266283,246.704980134964,124614,124614,a316fc5cc629a4c9cef70361b65358ca63afbc8e77675bcc54f100c294ef8bfd,0.0,246.704980134964,,
amazon,aux_sem,aux_sem,102,0.01,20,0.17550757273074147,248.25508189201355,124614,124614,a316fc5cc629a4c9cef70361b65358ca63afbc8e77675bcc54f100c294ef8bfd,0.0,248.25508189201355,,
amazon,aux_sem,aux_sem,103,0.01,41,0.17608775445216515,238.60946083068848,124614,124614,a316fc5cc629a4c9cef70361b65358ca63afbc8e77675bcc54f100c294ef8bfd,0.0,238.60946083068848,,
amazon,aux_sem,aux_sem,104,0.01,49,0.17798902263925662,264.824658870697,124614,124614,a316fc5cc629a4c9cef70361b65358ca63afbc8e77675bcc54f100c294ef8bfd,0.0,264.824658870697,,
amazon,aux_sem,aux_sem,105,0.01,48,0.1764576090541585,581.61825299263,124614,124614,a316fc5cc629a4c9cef70361b65358ca63afbc8e77675bcc54f100c294ef8bfd,0.0,581.61825299263,,
amazon,bpr_mf,bpr_mf,101,0.003,50,0.14070154049325623,13.148415803909302,63776,63776,a316fc5cc629a4c9cef70361b65358ca63afbc8e77675bcc54f100c294ef8bfd,0.0,13.148415803909302,,
amazon,bpr_mf,bpr_mf,102,0.003,50,0.13834583722972227,12.553062915802002,63776,63776,a316fc5cc629a4c9cef70361b65358ca63afbc8e77675bcc54f100c294ef8bfd,0.0,12.553062915802002,,
amazon,bpr_mf,bpr_mf,103,0.003,35,0.14758604319114244,13.053766012191772,63776,63776,a316fc5cc629a4c9cef70361b65358ca63afbc8e77675bcc54f100c294ef8bfd,0.0,13.053766012191772,,
amazon,bpr_mf,bpr_mf,104,0.003,49,0.12784598154078466,12.652880191802979,63776,63776,a316fc5cc629a4c9cef70361b65358ca63afbc8e77675bcc54f100c294ef8bfd,0.0,12.652880191802979,,
amazon,bpr_mf,bpr_mf,105,0.003,40,0.14236122280525892,8.95051908493042,63776,63776,a316fc5cc629a4c9cef70361b65358ca63afbc8e77675bcc54f100c294ef8bfd,0.0,8.95051908493042,,
amazon,sasrec,sasrec,101,0.01,24,0.17519719822185814,49.873286962509155,40672,40672,b8bbd92430d119635fb0b362f6a1da47cafa15517b5d8dae3d9136d092a4fa85,0.0,49.873286962509155,"all nonpadding sequence positions, one negative each, Adam beta2=.98",4529.0
amazon,sasrec,sasrec,102,0.01,30,0.18189626169492884,56.688217878341675,40672,40672,b8bbd92430d119635fb0b362f6a1da47cafa15517b5d8dae3d9136d092a4fa85,0.0,56.688217878341675,"all nonpadding sequence positions, one negative each, Adam beta2=.98",4529.0
amazon,sasrec,sasrec,103,0.01,6,0.17890158926626049,52.74079704284668,40672,40672,b8bbd92430d119635fb0b362f6a1da47cafa15517b5d8dae3d9136d092a4fa85,0.0,52.74079704284668,"all nonpadding sequence positions, one negative each, Adam beta2=.98",4529.0
amazon,sasrec,sasrec,104,0.01,27,0.17609313473776544,45.47435402870178,40672,40672,b8bbd92430d119635fb0b362f6a1da47cafa15517b5d8dae3d9136d092a4fa85,0.0,45.47435402870178,"all nonpadding sequence positions, one negative each, Adam beta2=.98",4529.0
amazon,sasrec,sasrec,105,0.01,2,0.17196084231889666,47.10857892036438,40672,40672,b8bbd92430d119635fb0b362f6a1da47cafa15517b5d8dae3d9136d092a4fa85,0.0,47.10857892036438,"all nonpadding sequence positions, one negative each, Adam beta2=.98",4529.0
amazon,matched_joint,full,101,0.01,5,0.17454456503521137,98.95934510231018,124614,124614,a316fc5cc629a4c9cef70361b65358ca63afbc8e77675bcc54f100c294ef8bfd,111.43810606002808,210.39745116233826,,
amazon,matched_joint,full,102,0.01,12,0.17619125947187442,100.26081275939941,124614,124614,a316fc5cc629a4c9cef70361b65358ca63afbc8e77675bcc54f100c294ef8bfd,107.65184926986694,207.91266202926636,,
amazon,matched_joint,full,103,0.01,12,0.1777438971165574,99.77773427963257,124614,124614,a316fc5cc629a4c9cef70361b65358ca63afbc8e77675bcc54f100c294ef8bfd,110.64324021339417,210.42097449302673,,
amazon,matched_joint,full,104,0.01,3,0.17966715105823172,99.0081102848053,124614,124614,a316fc5cc629a4c9cef70361b65358ca63afbc8e77675bcc54f100c294ef8bfd,110.42990374565125,209.43801403045654,,
amazon,matched_joint,full,105,0.01,13,0.17661606682683192,97.70766067504883,124614,124614,a316fc5cc629a4c9cef70361b65358ca63afbc8e77675bcc54f100c294ef8bfd,111.60637283325195,209.31403350830078,,
amazon,matched_frozen,full,101,0.01,11,0.17482804211436137,49.39550995826721,124614,5189,a316fc5cc629a4c9cef70361b65358ca63afbc8e77675bcc54f100c294ef8bfd,111.43810606002808,160.8336160182953,,
amazon,matched_frozen,full,102,0.01,24,0.172306985852188,52.25300598144531,124614,5189,a316fc5cc629a4c9cef70361b65358ca63afbc8e77675bcc54f100c294ef8bfd,107.65184926986694,159.90485525131226,,
amazon,matched_frozen,full,103,0.01,12,0.17259348465313534,51.0107319355011,124614,5189,a316fc5cc629a4c9cef70361b65358ca63afbc8e77675bcc54f100c294ef8bfd,110.64324021339417,161.65397214889526,,
amazon,matched_frozen,full,104,0.01,9,0.1763250305231575,48.71566987037659,124614,5189,a316fc5cc629a4c9cef70361b65358ca63afbc8e77675bcc54f100c294ef8bfd,110.42990374565125,159.14557361602783,,
amazon,matched_frozen,full,105,0.01,19,0.1764066446945954,39.87259316444397,124614,5189,a316fc5cc629a4c9cef70361b65358ca63afbc8e77675bcc54f100c294ef8bfd,111.60637283325195,151.47896599769592,,
